{"cameraMode":{"drawMode":0,"name":"Shaded","section":"Shading Mode"},"sceneLighting":true,"audioPlay":false,"sceneViewState":{"m_AlwaysRefresh":false,"showFog":true,"showSkybox":true,"showFlares":true,"showImageEffects":true,"showParticleSystems":true,"showVisualEffectGraphs":true,"m_FxEnabled":true},"in2DMode":false,"pivot":{"x":22.74011993408203,"y":23.93260383605957,"z":25.673171997070314},"rotation":{"x":-0.00006748989108018577,"y":0.9998776912689209,"z":-0.004499431699514389,"w":-0.014999154023826123},"size":14.032163619995118,"orthographic":false}